M,N,K,bias,dtype,outdtype,scaleAB,bpreshuffle
513,1280,8192,False,torch.float16,torch.float16,False,False
514,1280,8192,False,torch.float16,torch.float16,False,False
515,1280,8192,False,torch.float16,torch.float16,False,False
516,1280,8192,False,torch.float16,torch.float16,False,False
517,1280,8192,False,torch.float16,torch.float16,False,False
518,1280,8192,False,torch.float16,torch.float16,False,False
519,1280,8192,False,torch.float16,torch.float16,False,False
521,1280,8192,False,torch.float16,torch.float16,False,False
522,1280,8192,False,torch.float16,torch.float16,False,False
523,1280,8192,False,torch.float16,torch.float16,False,False
524,1280,8192,False,torch.float16,torch.float16,False,False
525,1280,8192,False,torch.float16,torch.float16,False,False
526,1280,8192,False,torch.float16,torch.float16,False,False
527,1280,8192,False,torch.float16,torch.float16,False,False
528,1280,8192,False,torch.float16,torch.float16,False,False
529,1280,8192,False,torch.float16,torch.float16,False,False
530,1280,8192,False,torch.float16,torch.float16,False,False
531,1280,8192,False,torch.float16,torch.float16,False,False
532,1280,8192,False,torch.float16,torch.float16,False,False
533,1280,8192,False,torch.float16,torch.float16,False,False
534,1280,8192,False,torch.float16,torch.float16,False,False
535,1280,8192,False,torch.float16,torch.float16,False,False
536,1280,8192,False,torch.float16,torch.float16,False,False
537,1280,8192,False,torch.float16,torch.float16,False,False
538,1280,8192,False,torch.float16,torch.float16,False,False
539,1280,8192,False,torch.float16,torch.float16,False,False
541,1280,8192,False,torch.float16,torch.float16,False,False
542,1280,8192,False,torch.float16,torch.float16,False,False
543,1280,8192,False,torch.float16,torch.float16,False,False
545,1280,8192,False,torch.float16,torch.float16,False,False
546,1280,8192,False,torch.float16,torch.float16,False,False
547,1280,8192,False,torch.float16,torch.float16,False,False
548,1280,8192,False,torch.float16,torch.float16,False,False
549,1280,8192,False,torch.float16,torch.float16,False,False
550,1280,8192,False,torch.float16,torch.float16,False,False
551,1280,8192,False,torch.float16,torch.float16,False,False
552,1280,8192,False,torch.float16,torch.float16,False,False
555,1280,8192,False,torch.float16,torch.float16,False,False
556,1280,8192,False,torch.float16,torch.float16,False,False
557,1280,8192,False,torch.float16,torch.float16,False,False
558,1280,8192,False,torch.float16,torch.float16,False,False
559,1280,8192,False,torch.float16,torch.float16,False,False
560,1280,8192,False,torch.float16,torch.float16,False,False
562,1280,8192,False,torch.float16,torch.float16,False,False
563,1280,8192,False,torch.float16,torch.float16,False,False
565,1280,8192,False,torch.float16,torch.float16,False,False
567,1280,8192,False,torch.float16,torch.float16,False,False
568,1280,8192,False,torch.float16,torch.float16,False,False
569,1280,8192,False,torch.float16,torch.float16,False,False
571,1280,8192,False,torch.float16,torch.float16,False,False
572,1280,8192,False,torch.float16,torch.float16,False,False
573,1280,8192,False,torch.float16,torch.float16,False,False
574,1280,8192,False,torch.float16,torch.float16,False,False
575,1280,8192,False,torch.float16,torch.float16,False,False
577,1280,8192,False,torch.float16,torch.float16,False,False
578,1280,8192,False,torch.float16,torch.float16,False,False
579,1280,8192,False,torch.float16,torch.float16,False,False
580,1280,8192,False,torch.float16,torch.float16,False,False
581,1280,8192,False,torch.float16,torch.float16,False,False
582,1280,8192,False,torch.float16,torch.float16,False,False
583,1280,8192,False,torch.float16,torch.float16,False,False
584,1280,8192,False,torch.float16,torch.float16,False,False
587,1280,8192,False,torch.float16,torch.float16,False,False
588,1280,8192,False,torch.float16,torch.float16,False,False
591,1280,8192,False,torch.float16,torch.float16,False,False
595,1280,8192,False,torch.float16,torch.float16,False,False
597,1280,8192,False,torch.float16,torch.float16,False,False
598,1280,8192,False,torch.float16,torch.float16,False,False
599,1280,8192,False,torch.float16,torch.float16,False,False
600,1280,8192,False,torch.float16,torch.float16,False,False
602,1280,8192,False,torch.float16,torch.float16,False,False
603,1280,8192,False,torch.float16,torch.float16,False,False
604,1280,8192,False,torch.float16,torch.float16,False,False
605,1280,8192,False,torch.float16,torch.float16,False,False
607,1280,8192,False,torch.float16,torch.float16,False,False
608,1280,8192,False,torch.float16,torch.float16,False,False
609,1280,8192,False,torch.float16,torch.float16,False,False
610,1280,8192,False,torch.float16,torch.float16,False,False
611,1280,8192,False,torch.float16,torch.float16,False,False
612,1280,8192,False,torch.float16,torch.float16,False,False
613,1280,8192,False,torch.float16,torch.float16,False,False
614,1280,8192,False,torch.float16,torch.float16,False,False
616,1280,8192,False,torch.float16,torch.float16,False,False
617,1280,8192,False,torch.float16,torch.float16,False,False
619,1280,8192,False,torch.float16,torch.float16,False,False
620,1280,8192,False,torch.float16,torch.float16,False,False
622,1280,8192,False,torch.float16,torch.float16,False,False
623,1280,8192,False,torch.float16,torch.float16,False,False
625,1280,8192,False,torch.float16,torch.float16,False,False
627,1280,8192,False,torch.float16,torch.float16,False,False
629,1280,8192,False,torch.float16,torch.float16,False,False
631,1280,8192,False,torch.float16,torch.float16,False,False
632,1280,8192,False,torch.float16,torch.float16,False,False
637,1280,8192,False,torch.float16,torch.float16,False,False
641,1280,8192,False,torch.float16,torch.float16,False,False
642,1280,8192,False,torch.float16,torch.float16,False,False
644,1280,8192,False,torch.float16,torch.float16,False,False
647,1280,8192,False,torch.float16,torch.float16,False,False
653,1280,8192,False,torch.float16,torch.float16,False,False
655,1280,8192,False,torch.float16,torch.float16,False,False
658,1280,8192,False,torch.float16,torch.float16,False,False
662,1280,8192,False,torch.float16,torch.float16,False,False
669,1280,8192,False,torch.float16,torch.float16,False,False
675,1280,8192,False,torch.float16,torch.float16,False,False
683,1280,8192,False,torch.float16,torch.float16,False,False
685,1280,8192,False,torch.float16,torch.float16,False,False
686,1280,8192,False,torch.float16,torch.float16,False,False
688,1280,8192,False,torch.float16,torch.float16,False,False
690,1280,8192,False,torch.float16,torch.float16,False,False
691,1280,8192,False,torch.float16,torch.float16,False,False
699,1280,8192,False,torch.float16,torch.float16,False,False
702,1280,8192,False,torch.float16,torch.float16,False,False
708,1280,8192,False,torch.float16,torch.float16,False,False
716,1280,8192,False,torch.float16,torch.float16,False,False
717,1280,8192,False,torch.float16,torch.float16,False,False
718,1280,8192,False,torch.float16,torch.float16,False,False
727,1280,8192,False,torch.float16,torch.float16,False,False
732,1280,8192,False,torch.float16,torch.float16,False,False
735,1280,8192,False,torch.float16,torch.float16,False,False
741,1280,8192,False,torch.float16,torch.float16,False,False
754,1280,8192,False,torch.float16,torch.float16,False,False
771,1280,8192,False,torch.float16,torch.float16,False,False
786,1280,8192,False,torch.float16,torch.float16,False,False
792,1280,8192,False,torch.float16,torch.float16,False,False
793,1280,8192,False,torch.float16,torch.float16,False,False
820,1280,8192,False,torch.float16,torch.float16,False,False
842,1280,8192,False,torch.float16,torch.float16,False,False
852,1280,8192,False,torch.float16,torch.float16,False,False
877,1280,8192,False,torch.float16,torch.float16,False,False
887,1280,8192,False,torch.float16,torch.float16,False,False
962,1280,8192,False,torch.float16,torch.float16,False,False
1002,1280,8192,False,torch.float16,torch.float16,False,False
1021,1280,8192,False,torch.float16,torch.float16,False,False
1035,1280,8192,False,torch.float16,torch.float16,False,False
1059,1280,8192,False,torch.float16,torch.float16,False,False
1110,1280,8192,False,torch.float16,torch.float16,False,False
1,4000,8192,False,torch.float16,torch.float16,False,False
2,4000,8192,False,torch.float16,torch.float16,False,False
3,4000,8192,False,torch.float16,torch.float16,False,False
4,4000,8192,False,torch.float16,torch.float16,False,False
5,4000,8192,False,torch.float16,torch.float16,False,False
6,4000,8192,False,torch.float16,torch.float16,False,False
7,4000,8192,False,torch.float16,torch.float16,False,False
8,4000,8192,False,torch.float16,torch.float16,False,False
9,4000,8192,False,torch.float16,torch.float16,False,False
10,4000,8192,False,torch.float16,torch.float16,False,False
11,4000,8192,False,torch.float16,torch.float16,False,False
12,4000,8192,False,torch.float16,torch.float16,False,False
13,4000,8192,False,torch.float16,torch.float16,False,False
14,4000,8192,False,torch.float16,torch.float16,False,False
15,4000,8192,False,torch.float16,torch.float16,False,False
16,4000,8192,False,torch.float16,torch.float16,False,False
17,4000,8192,False,torch.float16,torch.float16,False,False
18,4000,8192,False,torch.float16,torch.float16,False,False
19,4000,8192,False,torch.float16,torch.float16,False,False
20,4000,8192,False,torch.float16,torch.float16,False,False
21,4000,8192,False,torch.float16,torch.float16,False,False
22,4000,8192,False,torch.float16,torch.float16,False,False
23,4000,8192,False,torch.float16,torch.float16,False,False
24,4000,8192,False,torch.float16,torch.float16,False,False
25,4000,8192,False,torch.float16,torch.float16,False,False
26,4000,8192,False,torch.float16,torch.float16,False,False
27,4000,8192,False,torch.float16,torch.float16,False,False
28,4000,8192,False,torch.float16,torch.float16,False,False
29,4000,8192,False,torch.float16,torch.float16,False,False
30,4000,8192,False,torch.float16,torch.float16,False,False
31,4000,8192,False,torch.float16,torch.float16,False,False
32,4000,8192,False,torch.float16,torch.float16,False,False
33,4000,8192,False,torch.float16,torch.float16,False,False
34,4000,8192,False,torch.float16,torch.float16,False,False
35,4000,8192,False,torch.float16,torch.float16,False,False
36,4000,8192,False,torch.float16,torch.float16,False,False
37,4000,8192,False,torch.float16,torch.float16,False,False
38,4000,8192,False,torch.float16,torch.float16,False,False
39,4000,8192,False,torch.float16,torch.float16,False,False
40,4000,8192,False,torch.float16,torch.float16,False,False
41,4000,8192,False,torch.float16,torch.float16,False,False
42,4000,8192,False,torch.float16,torch.float16,False,False
43,4000,8192,False,torch.float16,torch.float16,False,False
44,4000,8192,False,torch.float16,torch.float16,False,False
45,4000,8192,False,torch.float16,torch.float16,False,False
46,4000,8192,False,torch.float16,torch.float16,False,False
47,4000,8192,False,torch.float16,torch.float16,False,False
48,4000,8192,False,torch.float16,torch.float16,False,False
49,4000,8192,False,torch.float16,torch.float16,False,False
50,4000,8192,False,torch.float16,torch.float16,False,False
51,4000,8192,False,torch.float16,torch.float16,False,False
52,4000,8192,False,torch.float16,torch.float16,False,False
53,4000,8192,False,torch.float16,torch.float16,False,False
54,4000,8192,False,torch.float16,torch.float16,False,False
55,4000,8192,False,torch.float16,torch.float16,False,False
56,4000,8192,False,torch.float16,torch.float16,False,False
57,4000,8192,False,torch.float16,torch.float16,False,False
58,4000,8192,False,torch.float16,torch.float16,False,False
59,4000,8192,False,torch.float16,torch.float16,False,False
60,4000,8192,False,torch.float16,torch.float16,False,False
61,4000,8192,False,torch.float16,torch.float16,False,False
62,4000,8192,False,torch.float16,torch.float16,False,False
63,4000,8192,False,torch.float16,torch.float16,False,False
64,4000,8192,False,torch.float16,torch.float16,False,False
65,4000,8192,False,torch.float16,torch.float16,False,False
66,4000,8192,False,torch.float16,torch.float16,False,False
67,4000,8192,False,torch.float16,torch.float16,False,False
68,4000,8192,False,torch.float16,torch.float16,False,False
69,4000,8192,False,torch.float16,torch.float16,False,False
70,4000,8192,False,torch.float16,torch.float16,False,False
71,4000,8192,False,torch.float16,torch.float16,False,False
72,4000,8192,False,torch.float16,torch.float16,False,False
73,4000,8192,False,torch.float16,torch.float16,False,False
74,4000,8192,False,torch.float16,torch.float16,False,False
75,4000,8192,False,torch.float16,torch.float16,False,False
76,4000,8192,False,torch.float16,torch.float16,False,False
77,4000,8192,False,torch.float16,torch.float16,False,False
78,4000,8192,False,torch.float16,torch.float16,False,False
79,4000,8192,False,torch.float16,torch.float16,False,False
80,4000,8192,False,torch.float16,torch.float16,False,False
81,4000,8192,False,torch.float16,torch.float16,False,False
82,4000,8192,False,torch.float16,torch.float16,False,False
83,4000,8192,False,torch.float16,torch.float16,False,False
84,4000,8192,False,torch.float16,torch.float16,False,False
85,4000,8192,False,torch.float16,torch.float16,False,False
86,4000,8192,False,torch.float16,torch.float16,False,False
87,4000,8192,False,torch.float16,torch.float16,False,False
88,4000,8192,False,torch.float16,torch.float16,False,False
89,4000,8192,False,torch.float16,torch.float16,False,False
90,4000,8192,False,torch.float16,torch.float16,False,False
91,4000,8192,False,torch.float16,torch.float16,False,False
92,4000,8192,False,torch.float16,torch.float16,False,False
93,4000,8192,False,torch.float16,torch.float16,False,False
94,4000,8192,False,torch.float16,torch.float16,False,False
95,4000,8192,False,torch.float16,torch.float16,False,False
96,4000,8192,False,torch.float16,torch.float16,False,False
97,4000,8192,False,torch.float16,torch.float16,False,False
98,4000,8192,False,torch.float16,torch.float16,False,False
99,4000,8192,False,torch.float16,torch.float16,False,False
100,4000,8192,False,torch.float16,torch.float16,False,False
101,4000,8192,False,torch.float16,torch.float16,False,False
102,4000,8192,False,torch.float16,torch.float16,False,False
103,4000,8192,False,torch.float16,torch.float16,False,False
104,4000,8192,False,torch.float16,torch.float16,False,False
105,4000,8192,False,torch.float16,torch.float16,False,False
106,4000,8192,False,torch.float16,torch.float16,False,False
107,4000,8192,False,torch.float16,torch.float16,False,False
108,4000,8192,False,torch.float16,torch.float16,False,False
109,4000,8192,False,torch.float16,torch.float16,False,False
110,4000,8192,False,torch.float16,torch.float16,False,False
111,4000,8192,False,torch.float16,torch.float16,False,False
112,4000,8192,False,torch.float16,torch.float16,False,False
113,4000,8192,False,torch.float16,torch.float16,False,False
114,4000,8192,False,torch.float16,torch.float16,False,False
115,4000,8192,False,torch.float16,torch.float16,False,False
116,4000,8192,False,torch.float16,torch.float16,False,False
117,4000,8192,False,torch.float16,torch.float16,False,False
118,4000,8192,False,torch.float16,torch.float16,False,False
119,4000,8192,False,torch.float16,torch.float16,False,False
120,4000,8192,False,torch.float16,torch.float16,False,False
121,4000,8192,False,torch.float16,torch.float16,False,False
122,4000,8192,False,torch.float16,torch.float16,False,False
123,4000,8192,False,torch.float16,torch.float16,False,False
124,4000,8192,False,torch.float16,torch.float16,False,False
125,4000,8192,False,torch.float16,torch.float16,False,False
126,4000,8192,False,torch.float16,torch.float16,False,False
127,4000,8192,False,torch.float16,torch.float16,False,False
128,4000,8192,False,torch.float16,torch.float16,False,False
129,4000,8192,False,torch.float16,torch.float16,False,False
130,4000,8192,False,torch.float16,torch.float16,False,False
131,4000,8192,False,torch.float16,torch.float16,False,False
132,4000,8192,False,torch.float16,torch.float16,False,False
133,4000,8192,False,torch.float16,torch.float16,False,False
134,4000,8192,False,torch.float16,torch.float16,False,False
135,4000,8192,False,torch.float16,torch.float16,False,False
136,4000,8192,False,torch.float16,torch.float16,False,False
137,4000,8192,False,torch.float16,torch.float16,False,False
138,4000,8192,False,torch.float16,torch.float16,False,False
139,4000,8192,False,torch.float16,torch.float16,False,False
140,4000,8192,False,torch.float16,torch.float16,False,False
141,4000,8192,False,torch.float16,torch.float16,False,False
142,4000,8192,False,torch.float16,torch.float16,False,False
143,4000,8192,False,torch.float16,torch.float16,False,False
144,4000,8192,False,torch.float16,torch.float16,False,False
145,4000,8192,False,torch.float16,torch.float16,False,False
146,4000,8192,False,torch.float16,torch.float16,False,False
147,4000,8192,False,torch.float16,torch.float16,False,False
148,4000,8192,False,torch.float16,torch.float16,False,False
149,4000,8192,False,torch.float16,torch.float16,False,False
150,4000,8192,False,torch.float16,torch.float16,False,False
151,4000,8192,False,torch.float16,torch.float16,False,False
152,4000,8192,False,torch.float16,torch.float16,False,False
153,4000,8192,False,torch.float16,torch.float16,False,False
154,4000,8192,False,torch.float16,torch.float16,False,False
155,4000,8192,False,torch.float16,torch.float16,False,False
156,4000,8192,False,torch.float16,torch.float16,False,False
157,4000,8192,False,torch.float16,torch.float16,False,False
158,4000,8192,False,torch.float16,torch.float16,False,False
159,4000,8192,False,torch.float16,torch.float16,False,False
160,4000,8192,False,torch.float16,torch.float16,False,False
161,4000,8192,False,torch.float16,torch.float16,False,False
162,4000,8192,False,torch.float16,torch.float16,False,False
163,4000,8192,False,torch.float16,torch.float16,False,False
164,4000,8192,False,torch.float16,torch.float16,False,False
165,4000,8192,False,torch.float16,torch.float16,False,False
166,4000,8192,False,torch.float16,torch.float16,False,False
167,4000,8192,False,torch.float16,torch.float16,False,False
168,4000,8192,False,torch.float16,torch.float16,False,False
169,4000,8192,False,torch.float16,torch.float16,False,False
170,4000,8192,False,torch.float16,torch.float16,False,False
171,4000,8192,False,torch.float16,torch.float16,False,False
172,4000,8192,False,torch.float16,torch.float16,False,False
173,4000,8192,False,torch.float16,torch.float16,False,False
174,4000,8192,False,torch.float16,torch.float16,False,False
175,4000,8192,False,torch.float16,torch.float16,False,False
176,4000,8192,False,torch.float16,torch.float16,False,False
177,4000,8192,False,torch.float16,torch.float16,False,False
178,4000,8192,False,torch.float16,torch.float16,False,False
179,4000,8192,False,torch.float16,torch.float16,False,False
180,4000,8192,False,torch.float16,torch.float16,False,False
181,4000,8192,False,torch.float16,torch.float16,False,False
182,4000,8192,False,torch.float16,torch.float16,False,False
183,4000,8192,False,torch.float16,torch.float16,False,False
184,4000,8192,False,torch.float16,torch.float16,False,False
185,4000,8192,False,torch.float16,torch.float16,False,False
186,4000,8192,False,torch.float16,torch.float16,False,False
187,4000,8192,False,torch.float16,torch.float16,False,False
188,4000,8192,False,torch.float16,torch.float16,False,False
189,4000,8192,False,torch.float16,torch.float16,False,False
190,4000,8192,False,torch.float16,torch.float16,False,False
191,4000,8192,False,torch.float16,torch.float16,False,False
192,4000,8192,False,torch.float16,torch.float16,False,False
193,4000,8192,False,torch.float16,torch.float16,False,False
194,4000,8192,False,torch.float16,torch.float16,False,False
195,4000,8192,False,torch.float16,torch.float16,False,False
196,4000,8192,False,torch.float16,torch.float16,False,False
197,4000,8192,False,torch.float16,torch.float16,False,False
198,4000,8192,False,torch.float16,torch.float16,False,False
199,4000,8192,False,torch.float16,torch.float16,False,False
200,4000,8192,False,torch.float16,torch.float16,False,False
201,4000,8192,False,torch.float16,torch.float16,False,False
202,4000,8192,False,torch.float16,torch.float16,False,False
203,4000,8192,False,torch.float16,torch.float16,False,False
204,4000,8192,False,torch.float16,torch.float16,False,False
205,4000,8192,False,torch.float16,torch.float16,False,False
206,4000,8192,False,torch.float16,torch.float16,False,False
207,4000,8192,False,torch.float16,torch.float16,False,False
208,4000,8192,False,torch.float16,torch.float16,False,False
209,4000,8192,False,torch.float16,torch.float16,False,False
210,4000,8192,False,torch.float16,torch.float16,False,False
211,4000,8192,False,torch.float16,torch.float16,False,False
212,4000,8192,False,torch.float16,torch.float16,False,False
213,4000,8192,False,torch.float16,torch.float16,False,False
214,4000,8192,False,torch.float16,torch.float16,False,False
215,4000,8192,False,torch.float16,torch.float16,False,False
216,4000,8192,False,torch.float16,torch.float16,False,False
217,4000,8192,False,torch.float16,torch.float16,False,False
218,4000,8192,False,torch.float16,torch.float16,False,False
219,4000,8192,False,torch.float16,torch.float16,False,False
220,4000,8192,False,torch.float16,torch.float16,False,False
221,4000,8192,False,torch.float16,torch.float16,False,False
222,4000,8192,False,torch.float16,torch.float16,False,False
223,4000,8192,False,torch.float16,torch.float16,False,False
224,4000,8192,False,torch.float16,torch.float16,False,False
225,4000,8192,False,torch.float16,torch.float16,False,False
226,4000,8192,False,torch.float16,torch.float16,False,False
227,4000,8192,False,torch.float16,torch.float16,False,False
228,4000,8192,False,torch.float16,torch.float16,False,False
229,4000,8192,False,torch.float16,torch.float16,False,False
230,4000,8192,False,torch.float16,torch.float16,False,False
231,4000,8192,False,torch.float16,torch.float16,False,False
232,4000,8192,False,torch.float16,torch.float16,False,False
233,4000,8192,False,torch.float16,torch.float16,False,False
234,4000,8192,False,torch.float16,torch.float16,False,False
235,4000,8192,False,torch.float16,torch.float16,False,False
236,4000,8192,False,torch.float16,torch.float16,False,False
237,4000,8192,False,torch.float16,torch.float16,False,False
238,4000,8192,False,torch.float16,torch.float16,False,False
239,4000,8192,False,torch.float16,torch.float16,False,False
240,4000,8192,False,torch.float16,torch.float16,False,False
241,4000,8192,False,torch.float16,torch.float16,False,False
242,4000,8192,False,torch.float16,torch.float16,False,False
243,4000,8192,False,torch.float16,torch.float16,False,False
244,4000,8192,False,torch.float16,torch.float16,False,False
245,4000,8192,False,torch.float16,torch.float16,False,False
246,4000,8192,False,torch.float16,torch.float16,False,False
247,4000,8192,False,torch.float16,torch.float16,False,False
248,4000,8192,False,torch.float16,torch.float16,False,False
249,4000,8192,False,torch.float16,torch.float16,False,False
250,4000,8192,False,torch.float16,torch.float16,False,False
251,4000,8192,False,torch.float16,torch.float16,False,False
252,4000,8192,False,torch.float16,torch.float16,False,False
253,4000,8192,False,torch.float16,torch.float16,False,False
254,4000,8192,False,torch.float16,torch.float16,False,False
255,4000,8192,False,torch.float16,torch.float16,False,False
256,4000,8192,False,torch.float16,torch.float16,False,False
257,4000,8192,False,torch.float16,torch.float16,False,False
258,4000,8192,False,torch.float16,torch.float16,False,False
259,4000,8192,False,torch.float16,torch.float16,False,False
260,4000,8192,False,torch.float16,torch.float16,False,False
261,4000,8192,False,torch.float16,torch.float16,False,False
262,4000,8192,False,torch.float16,torch.float16,False,False
263,4000,8192,False,torch.float16,torch.float16,False,False
264,4000,8192,False,torch.float16,torch.float16,False,False
265,4000,8192,False,torch.float16,torch.float16,False,False
266,4000,8192,False,torch.float16,torch.float16,False,False
267,4000,8192,False,torch.float16,torch.float16,False,False
268,4000,8192,False,torch.float16,torch.float16,False,False
269,4000,8192,False,torch.float16,torch.float16,False,False
270,4000,8192,False,torch.float16,torch.float16,False,False
271,4000,8192,False,torch.float16,torch.float16,False,False
272,4000,8192,False,torch.float16,torch.float16,False,False
273,4000,8192,False,torch.float16,torch.float16,False,False
274,4000,8192,False,torch.float16,torch.float16,False,False
275,4000,8192,False,torch.float16,torch.float16,False,False
276,4000,8192,False,torch.float16,torch.float16,False,False
277,4000,8192,False,torch.float16,torch.float16,False,False
278,4000,8192,False,torch.float16,torch.float16,False,False
279,4000,8192,False,torch.float16,torch.float16,False,False
280,4000,8192,False,torch.float16,torch.float16,False,False
281,4000,8192,False,torch.float16,torch.float16,False,False
282,4000,8192,False,torch.float16,torch.float16,False,False
283,4000,8192,False,torch.float16,torch.float16,False,False
284,4000,8192,False,torch.float16,torch.float16,False,False
285,4000,8192,False,torch.float16,torch.float16,False,False
286,4000,8192,False,torch.float16,torch.float16,False,False
287,4000,8192,False,torch.float16,torch.float16,False,False
288,4000,8192,False,torch.float16,torch.float16,False,False
289,4000,8192,False,torch.float16,torch.float16,False,False
290,4000,8192,False,torch.float16,torch.float16,False,False
291,4000,8192,False,torch.float16,torch.float16,False,False
292,4000,8192,False,torch.float16,torch.float16,False,False
293,4000,8192,False,torch.float16,torch.float16,False,False
294,4000,8192,False,torch.float16,torch.float16,False,False
295,4000,8192,False,torch.float16,torch.float16,False,False
296,4000,8192,False,torch.float16,torch.float16,False,False
297,4000,8192,False,torch.float16,torch.float16,False,False
298,4000,8192,False,torch.float16,torch.float16,False,False
299,4000,8192,False,torch.float16,torch.float16,False,False
300,4000,8192,False,torch.float16,torch.float16,False,False
301,4000,8192,False,torch.float16,torch.float16,False,False
302,4000,8192,False,torch.float16,torch.float16,False,False
303,4000,8192,False,torch.float16,torch.float16,False,False
304,4000,8192,False,torch.float16,torch.float16,False,False
305,4000,8192,False,torch.float16,torch.float16,False,False
306,4000,8192,False,torch.float16,torch.float16,False,False
307,4000,8192,False,torch.float16,torch.float16,False,False
308,4000,8192,False,torch.float16,torch.float16,False,False
309,4000,8192,False,torch.float16,torch.float16,False,False
310,4000,8192,False,torch.float16,torch.float16,False,False
311,4000,8192,False,torch.float16,torch.float16,False,False
312,4000,8192,False,torch.float16,torch.float16,False,False
313,4000,8192,False,torch.float16,torch.float16,False,False
314,4000,8192,False,torch.float16,torch.float16,False,False
315,4000,8192,False,torch.float16,torch.float16,False,False
316,4000,8192,False,torch.float16,torch.float16,False,False
317,4000,8192,False,torch.float16,torch.float16,False,False
318,4000,8192,False,torch.float16,torch.float16,False,False
319,4000,8192,False,torch.float16,torch.float16,False,False
320,4000,8192,False,torch.float16,torch.float16,False,False
321,4000,8192,False,torch.float16,torch.float16,False,False
322,4000,8192,False,torch.float16,torch.float16,False,False
323,4000,8192,False,torch.float16,torch.float16,False,False
324,4000,8192,False,torch.float16,torch.float16,False,False
325,4000,8192,False,torch.float16,torch.float16,False,False
326,4000,8192,False,torch.float16,torch.float16,False,False
327,4000,8192,False,torch.float16,torch.float16,False,False
328,4000,8192,False,torch.float16,torch.float16,False,False
329,4000,8192,False,torch.float16,torch.float16,False,False
330,4000,8192,False,torch.float16,torch.float16,False,False
331,4000,8192,False,torch.float16,torch.float16,False,False
332,4000,8192,False,torch.float16,torch.float16,False,False
333,4000,8192,False,torch.float16,torch.float16,False,False
334,4000,8192,False,torch.float16,torch.float16,False,False
335,4000,8192,False,torch.float16,torch.float16,False,False
336,4000,8192,False,torch.float16,torch.float16,False,False
337,4000,8192,False,torch.float16,torch.float16,False,False
338,4000,8192,False,torch.float16,torch.float16,False,False
339,4000,8192,False,torch.float16,torch.float16,False,False
340,4000,8192,False,torch.float16,torch.float16,False,False
341,4000,8192,False,torch.float16,torch.float16,False,False
342,4000,8192,False,torch.float16,torch.float16,False,False
343,4000,8192,False,torch.float16,torch.float16,False,False
344,4000,8192,False,torch.float16,torch.float16,False,False
345,4000,8192,False,torch.float16,torch.float16,False,False
346,4000,8192,False,torch.float16,torch.float16,False,False
347,4000,8192,False,torch.float16,torch.float16,False,False
348,4000,8192,False,torch.float16,torch.float16,False,False
349,4000,8192,False,torch.float16,torch.float16,False,False
350,4000,8192,False,torch.float16,torch.float16,False,False
351,4000,8192,False,torch.float16,torch.float16,False,False
352,4000,8192,False,torch.float16,torch.float16,False,False
353,4000,8192,False,torch.float16,torch.float16,False,False
354,4000,8192,False,torch.float16,torch.float16,False,False
355,4000,8192,False,torch.float16,torch.float16,False,False
356,4000,8192,False,torch.float16,torch.float16,False,False
357,4000,8192,False,torch.float16,torch.float16,False,False
358,4000,8192,False,torch.float16,torch.float16,False,False
359,4000,8192,False,torch.float16,torch.float16,False,False
360,4000,8192,False,torch.float16,torch.float16,False,False
361,4000,8192,False,torch.float16,torch.float16,False,False
362,4000,8192,False,torch.float16,torch.float16,False,False
363,4000,8192,False,torch.float16,torch.float16,False,False
364,4000,8192,False,torch.float16,torch.float16,False,False
365,4000,8192,False,torch.float16,torch.float16,False,False
366,4000,8192,False,torch.float16,torch.float16,False,False
367,4000,8192,False,torch.float16,torch.float16,False,False
368,4000,8192,False,torch.float16,torch.float16,False,False
369,4000,8192,False,torch.float16,torch.float16,False,False
371,4000,8192,False,torch.float16,torch.float16,False,False
372,4000,8192,False,torch.float16,torch.float16,False,False
373,4000,8192,False,torch.float16,torch.float16,False,False
374,4000,8192,False,torch.float16,torch.float16,False,False
375,4000,8192,False,torch.float16,torch.float16,False,False
376,4000,8192,False,torch.float16,torch.float16,False,False
378,4000,8192,False,torch.float16,torch.float16,False,False
379,4000,8192,False,torch.float16,torch.float16,False,False
380,4000,8192,False,torch.float16,torch.float16,False,False
381,4000,8192,False,torch.float16,torch.float16,False,False
382,4000,8192,False,torch.float16,torch.float16,False,False
383,4000,8192,False,torch.float16,torch.float16,False,False
384,4000,8192,False,torch.float16,torch.float16,False,False
385,4000,8192,False,torch.float16,torch.float16,False,False
386,4000,8192,False,torch.float16,torch.float16,False,False
387,4000,8192,False,torch.float16,torch.float16,False,False
388,4000,8192,False,torch.float16,torch.float16,False,False
390,4000,8192,False,torch.float16,torch.float16,False,False
391,4000,8192,False,torch.float16,torch.float16,False,False
392,4000,8192,False,torch.float16,torch.float16,False,False
393,4000,8192,False,torch.float16,torch.float16,False,False
394,4000,8192,False,torch.float16,torch.float16,False,False
395,4000,8192,False,torch.float16,torch.float16,False,False
396,4000,8192,False,torch.float16,torch.float16,False,False
397,4000,8192,False,torch.float16,torch.float16,False,False
398,4000,8192,False,torch.float16,torch.float16,False,False
399,4000,8192,False,torch.float16,torch.float16,False,False
400,4000,8192,False,torch.float16,torch.float16,False,False
401,4000,8192,False,torch.float16,torch.float16,False,False
402,4000,8192,False,torch.float16,torch.float16,False,False
403,4000,8192,False,torch.float16,torch.float16,False,False
404,4000,8192,False,torch.float16,torch.float16,False,False
405,4000,8192,False,torch.float16,torch.float16,False,False
406,4000,8192,False,torch.float16,torch.float16,False,False
407,4000,8192,False,torch.float16,torch.float16,False,False
408,4000,8192,False,torch.float16,torch.float16,False,False
409,4000,8192,False,torch.float16,torch.float16,False,False
410,4000,8192,False,torch.float16,torch.float16,False,False
411,4000,8192,False,torch.float16,torch.float16,False,False
412,4000,8192,False,torch.float16,torch.float16,False,False
413,4000,8192,False,torch.float16,torch.float16,False,False
414,4000,8192,False,torch.float16,torch.float16,False,False
415,4000,8192,False,torch.float16,torch.float16,False,False
416,4000,8192,False,torch.float16,torch.float16,False,False
417,4000,8192,False,torch.float16,torch.float16,False,False
418,4000,8192,False,torch.float16,torch.float16,False,False
419,4000,8192,False,torch.float16,torch.float16,False,False
420,4000,8192,False,torch.float16,torch.float16,False,False
422,4000,8192,False,torch.float16,torch.float16,False,False
423,4000,8192,False,torch.float16,torch.float16,False,False
424,4000,8192,False,torch.float16,torch.float16,False,False
425,4000,8192,False,torch.float16,torch.float16,False,False
426,4000,8192,False,torch.float16,torch.float16,False,False
427,4000,8192,False,torch.float16,torch.float16,False,False
428,4000,8192,False,torch.float16,torch.float16,False,False
429,4000,8192,False,torch.float16,torch.float16,False,False
430,4000,8192,False,torch.float16,torch.float16,False,False
431,4000,8192,False,torch.float16,torch.float16,False,False
432,4000,8192,False,torch.float16,torch.float16,False,False
433,4000,8192,False,torch.float16,torch.float16,False,False
434,4000,8192,False,torch.float16,torch.float16,False,False
435,4000,8192,False,torch.float16,torch.float16,False,False
436,4000,8192,False,torch.float16,torch.float16,False,False
437,4000,8192,False,torch.float16,torch.float16,False,False
438,4000,8192,False,torch.float16,torch.float16,False,False
440,4000,8192,False,torch.float16,torch.float16,False,False
441,4000,8192,False,torch.float16,torch.float16,False,False
442,4000,8192,False,torch.float16,torch.float16,False,False
443,4000,8192,False,torch.float16,torch.float16,False,False
444,4000,8192,False,torch.float16,torch.float16,False,False
445,4000,8192,False,torch.float16,torch.float16,False,False
446,4000,8192,False,torch.float16,torch.float16,False,False
447,4000,8192,False,torch.float16,torch.float16,False,False
449,4000,8192,False,torch.float16,torch.float16,False,False
450,4000,8192,False,torch.float16,torch.float16,False,False
451,4000,8192,False,torch.float16,torch.float16,False,False
452,4000,8192,False,torch.float16,torch.float16,False,False
454,4000,8192,False,torch.float16,torch.float16,False,False
455,4000,8192,False,torch.float16,torch.float16,False,False
456,4000,8192,False,torch.float16,torch.float16,False,False
457,4000,8192,False,torch.float16,torch.float16,False,False
458,4000,8192,False,torch.float16,torch.float16,False,False
459,4000,8192,False,torch.float16,torch.float16,False,False
460,4000,8192,False,torch.float16,torch.float16,False,False
461,4000,8192,False,torch.float16,torch.float16,False,False
463,4000,8192,False,torch.float16,torch.float16,False,False
464,4000,8192,False,torch.float16,torch.float16,False,False
465,4000,8192,False,torch.float16,torch.float16,False,False
466,4000,8192,False,torch.float16,torch.float16,False,False
467,4000,8192,False,torch.float16,torch.float16,False,False
468,4000,8192,False,torch.float16,torch.float16,False,False
469,4000,8192,False,torch.float16,torch.float16,False,False
470,4000,8192,False,torch.float16,torch.float16,False,False
471,4000,8192,False,torch.float16,torch.float16,False,False
472,4000,8192,False,torch.float16,torch.float16,False,False
473,4000,8192,False,torch.float16,torch.float16,False,False
475,4000,8192,False,torch.float16,torch.float16,False,False
476,4000,8192,False,torch.float16,torch.float16,False,False
477,4000,8192,False,torch.float16,torch.float16,False,False
478,4000,8192,False,torch.float16,torch.float16,False,False
479,4000,8192,False,torch.float16,torch.float16,False,False
480,4000,8192,False,torch.float16,torch.float16,False,False
481,4000,8192,False,torch.float16,torch.float16,False,False
482,4000,8192,False,torch.float16,torch.float16,False,False
483,4000,8192,False,torch.float16,torch.float16,False,False
484,4000,8192,False,torch.float16,torch.float16,False,False
485,4000,8192,False,torch.float16,torch.float16,False,False
486,4000,8192,False,torch.float16,torch.float16,False,False
487,4000,8192,False,torch.float16,torch.float16,False,False
488,4000,8192,False,torch.float16,torch.float16,False,False
489,4000,8192,False,torch.float16,torch.float16,False,False
490,4000,8192,False,torch.float16,torch.float16,False,False
491,4000,8192,False,torch.float16,torch.float16,False,False
492,4000,8192,False,torch.float16,torch.float16,False,False
493,4000,8192,False,torch.float16,torch.float16,False,False
494,4000,8192,False,torch.float16,torch.float16,False,False
495,4000,8192,False,torch.float16,torch.float16,False,False
496,4000,8192,False,torch.float16,torch.float16,False,False
497,4000,8192,False,torch.float16,torch.float16,False,False
498,4000,8192,False,torch.float16,torch.float16,False,False
499,4000,8192,False,torch.float16,torch.float16,False,False
500,4000,8192,False,torch.float16,torch.float16,False,False
501,4000,8192,False,torch.float16,torch.float16,False,False
502,4000,8192,False,torch.float16,torch.float16,False,False
504,4000,8192,False,torch.float16,torch.float16,False,False
505,4000,8192,False,torch.float16,torch.float16,False,False
507,4000,8192,False,torch.float16,torch.float16,False,False
508,4000,8192,False,torch.float16,torch.float16,False,False
509,4000,8192,False,torch.float16,torch.float16,False,False
510,4000,8192,False,torch.float16,torch.float16,False,False
511,4000,8192,False,torch.float16,torch.float16,False,False
512,4000,8192,False,torch.float16,torch.float16,False,False
513,4000,8192,False,torch.float16,torch.float16,False,False
514,4000,8192,False,torch.float16,torch.float16,False,False
515,4000,8192,False,torch.float16,torch.float16,False,False
516,4000,8192,False,torch.float16,torch.float16,False,False
517,4000,8192,False,torch.float16,torch.float16,False,False
518,4000,8192,False,torch.float16,torch.float16,False,False
519,4000,8192,False,torch.float16,torch.float16,False,False
521,4000,8192,False,torch.float16,torch.float16,False,False
522,4000,8192,False,torch.float16,torch.float16,False,False
523,4000,8192,False,torch.float16,torch.float16,False,False
524,4000,8192,False,torch.float16,torch.float16,False,False
525,4000,8192,False,torch.float16,torch.float16,False,False
526,4000,8192,False,torch.float16,torch.float16,False,False
527,4000,8192,False,torch.float16,torch.float16,False,False
528,4000,8192,False,torch.float16,torch.float16,False,False
529,4000,8192,False,torch.float16,torch.float16,False,False
530,4000,8192,False,torch.float16,torch.float16,False,False
531,4000,8192,False,torch.float16,torch.float16,False,False
532,4000,8192,False,torch.float16,torch.float16,False,False
533,4000,8192,False,torch.float16,torch.float16,False,False
534,4000,8192,False,torch.float16,torch.float16,False,False
535,4000,8192,False,torch.float16,torch.float16,False,False
536,4000,8192,False,torch.float16,torch.float16,False,False
537,4000,8192,False,torch.float16,torch.float16,False,False
538,4000,8192,False,torch.float16,torch.float16,False,False
539,4000,8192,False,torch.float16,torch.float16,False,False
540,4000,8192,False,torch.float16,torch.float16,False,False
542,4000,8192,False,torch.float16,torch.float16,False,False
543,4000,8192,False,torch.float16,torch.float16,False,False
545,4000,8192,False,torch.float16,torch.float16,False,False
546,4000,8192,False,torch.float16,torch.float16,False,False
547,4000,8192,False,torch.float16,torch.float16,False,False
549,4000,8192,False,torch.float16,torch.float16,False,False
550,4000,8192,False,torch.float16,torch.float16,False,False
551,4000,8192,False,torch.float16,torch.float16,False,False
552,4000,8192,False,torch.float16,torch.float16,False,False
554,4000,8192,False,torch.float16,torch.float16,False,False
555,4000,8192,False,torch.float16,torch.float16,False,False
556,4000,8192,False,torch.float16,torch.float16,False,False
557,4000,8192,False,torch.float16,torch.float16,False,False
558,4000,8192,False,torch.float16,torch.float16,False,False
559,4000,8192,False,torch.float16,torch.float16,False,False
560,4000,8192,False,torch.float16,torch.float16,False,False
562,4000,8192,False,torch.float16,torch.float16,False,False
565,4000,8192,False,torch.float16,torch.float16,False,False
567,4000,8192,False,torch.float16,torch.float16,False,False
568,4000,8192,False,torch.float16,torch.float16,False,False
571,4000,8192,False,torch.float16,torch.float16,False,False
572,4000,8192,False,torch.float16,torch.float16,False,False
573,4000,8192,False,torch.float16,torch.float16,False,False
574,4000,8192,False,torch.float16,torch.float16,False,False
575,4000,8192,False,torch.float16,torch.float16,False,False
577,4000,8192,False,torch.float16,torch.float16,False,False
578,4000,8192,False,torch.float16,torch.float16,False,False
580,4000,8192,False,torch.float16,torch.float16,False,False
581,4000,8192,False,torch.float16,torch.float16,False,False
582,4000,8192,False,torch.float16,torch.float16,False,False
583,4000,8192,False,torch.float16,torch.float16,False,False
584,4000,8192,False,torch.float16,torch.float16,False,False
585,4000,8192,False,torch.float16,torch.float16,False,False
586,4000,8192,False,torch.float16,torch.float16,False,False
588,4000,8192,False,torch.float16,torch.float16,False,False
591,4000,8192,False,torch.float16,torch.float16,False,False
595,4000,8192,False,torch.float16,torch.float16,False,False
597,4000,8192,False,torch.float16,torch.float16,False,False
599,4000,8192,False,torch.float16,torch.float16,False,False
600,4000,8192,False,torch.float16,torch.float16,False,False
604,4000,8192,False,torch.float16,torch.float16,False,False
605,4000,8192,False,torch.float16,torch.float16,False,False
607,4000,8192,False,torch.float16,torch.float16,False,False
608,4000,8192,False,torch.float16,torch.float16,False,False
609,4000,8192,False,torch.float16,torch.float16,False,False
611,4000,8192,False,torch.float16,torch.float16,False,False
612,4000,8192,False,torch.float16,torch.float16,False,False
613,4000,8192,False,torch.float16,torch.float16,False,False
614,4000,8192,False,torch.float16,torch.float16,False,False
617,4000,8192,False,torch.float16,torch.float16,False,False
620,4000,8192,False,torch.float16,torch.float16,False,False
622,4000,8192,False,torch.float16,torch.float16,False,False
623,4000,8192,False,torch.float16,torch.float16,False,False
625,4000,8192,False,torch.float16,torch.float16,False,False
627,4000,8192,False,torch.float16,torch.float16,False,False
629,4000,8192,False,torch.float16,torch.float16,False,False
631,4000,8192,False,torch.float16,torch.float16,False,False
632,4000,8192,False,torch.float16,torch.float16,False,False
637,4000,8192,False,torch.float16,torch.float16,False,False
641,4000,8192,False,torch.float16,torch.float16,False,False
642,4000,8192,False,torch.float16,torch.float16,False,False
644,4000,8192,False,torch.float16,torch.float16,False,False
648,4000,8192,False,torch.float16,torch.float16,False,False
651,4000,8192,False,torch.float16,torch.float16,False,False
653,4000,8192,False,torch.float16,torch.float16,False,False
655,4000,8192,False,torch.float16,torch.float16,False,False
662,4000,8192,False,torch.float16,torch.float16,False,False
663,4000,8192,False,torch.float16,torch.float16,False,False
664,4000,8192,False,torch.float16,torch.float16,False,False
669,4000,8192,False,torch.float16,torch.float16,False,False
675,4000,8192,False,torch.float16,torch.float16,False,False
677,4000,8192,False,torch.float16,torch.float16,False,False
683,4000,8192,False,torch.float16,torch.float16,False,False
686,4000,8192,False,torch.float16,torch.float16,False,False
689,4000,8192,False,torch.float16,torch.float16,False,False
690,4000,8192,False,torch.float16,torch.float16,False,False
691,4000,8192,False,torch.float16,torch.float16,False,False
696,4000,8192,False,torch.float16,torch.float16,False,False
699,4000,8192,False,torch.float16,torch.float16,False,False
702,4000,8192,False,torch.float16,torch.float16,False,False
708,4000,8192,False,torch.float16,torch.float16,False,False
711,4000,8192,False,torch.float16,torch.float16,False,False
718,4000,8192,False,torch.float16,torch.float16,False,False
732,4000,8192,False,torch.float16,torch.float16,False,False
741,4000,8192,False,torch.float16,torch.float16,False,False
750,4000,8192,False,torch.float16,torch.float16,False,False
513,7168,8192,False,torch.float16,torch.float16,False,False
514,7168,8192,False,torch.float16,torch.float16,False,False
515,7168,8192,False,torch.float16,torch.float16,False,False
516,7168,8192,False,torch.float16,torch.float16,False,False
517,7168,8192,False,torch.float16,torch.float16,False,False
518,7168,8192,False,torch.float16,torch.float16,False,False
519,7168,8192,False,torch.float16,torch.float16,False,False
521,7168,8192,False,torch.float16,torch.float16,False,False
522,7168,8192,False,torch.float16,torch.float16,False,False
523,7168,8192,False,torch.float16,torch.float16,False,False
524,7168,8192,False,torch.float16,torch.float16,False,False
525,7168,8192,False,torch.float16,torch.float16,False,False
526,7168,8192,False,torch.float16,torch.float16,False,False
527,7168,8192,False,torch.float16,torch.float16,False,False
528,7168,8192,False,torch.float16,torch.float16,False,False
529,7168,8192,False,torch.float16,torch.float16,False,False
530,7168,8192,False,torch.float16,torch.float16,False,False
531,7168,8192,False,torch.float16,torch.float16,False,False
532,7168,8192,False,torch.float16,torch.float16,False,False
533,7168,8192,False,torch.float16,torch.float16,False,False
534,7168,8192,False,torch.float16,torch.float16,False,False
535,7168,8192,False,torch.float16,torch.float16,False,False
536,7168,8192,False,torch.float16,torch.float16,False,False
537,7168,8192,False,torch.float16,torch.float16,False,False
538,7168,8192,False,torch.float16,torch.float16,False,False
539,7168,8192,False,torch.float16,torch.float16,False,False
541,7168,8192,False,torch.float16,torch.float16,False,False
542,7168,8192,False,torch.float16,torch.float16,False,False
543,7168,8192,False,torch.float16,torch.float16,False,False
545,7168,8192,False,torch.float16,torch.float16,False,False
546,7168,8192,False,torch.float16,torch.float16,False,False
547,7168,8192,False,torch.float16,torch.float16,False,False
548,7168,8192,False,torch.float16,torch.float16,False,False
549,7168,8192,False,torch.float16,torch.float16,False,False
550,7168,8192,False,torch.float16,torch.float16,False,False
551,7168,8192,False,torch.float16,torch.float16,False,False
552,7168,8192,False,torch.float16,torch.float16,False,False
555,7168,8192,False,torch.float16,torch.float16,False,False
556,7168,8192,False,torch.float16,torch.float16,False,False
557,7168,8192,False,torch.float16,torch.float16,False,False
558,7168,8192,False,torch.float16,torch.float16,False,False
559,7168,8192,False,torch.float16,torch.float16,False,False
560,7168,8192,False,torch.float16,torch.float16,False,False
562,7168,8192,False,torch.float16,torch.float16,False,False
563,7168,8192,False,torch.float16,torch.float16,False,False
565,7168,8192,False,torch.float16,torch.float16,False,False
567,7168,8192,False,torch.float16,torch.float16,False,False
568,7168,8192,False,torch.float16,torch.float16,False,False
569,7168,8192,False,torch.float16,torch.float16,False,False
571,7168,8192,False,torch.float16,torch.float16,False,False
572,7168,8192,False,torch.float16,torch.float16,False,False
573,7168,8192,False,torch.float16,torch.float16,False,False
574,7168,8192,False,torch.float16,torch.float16,False,False
575,7168,8192,False,torch.float16,torch.float16,False,False
577,7168,8192,False,torch.float16,torch.float16,False,False
578,7168,8192,False,torch.float16,torch.float16,False,False
579,7168,8192,False,torch.float16,torch.float16,False,False
580,7168,8192,False,torch.float16,torch.float16,False,False
581,7168,8192,False,torch.float16,torch.float16,False,False
582,7168,8192,False,torch.float16,torch.float16,False,False
583,7168,8192,False,torch.float16,torch.float16,False,False
584,7168,8192,False,torch.float16,torch.float16,False,False
587,7168,8192,False,torch.float16,torch.float16,False,False
588,7168,8192,False,torch.float16,torch.float16,False,False
591,7168,8192,False,torch.float16,torch.float16,False,False
595,7168,8192,False,torch.float16,torch.float16,False,False
597,7168,8192,False,torch.float16,torch.float16,False,False
598,7168,8192,False,torch.float16,torch.float16,False,False
599,7168,8192,False,torch.float16,torch.float16,False,False
600,7168,8192,False,torch.float16,torch.float16,False,False
602,7168,8192,False,torch.float16,torch.float16,False,False
603,7168,8192,False,torch.float16,torch.float16,False,False
604,7168,8192,False,torch.float16,torch.float16,False,False
605,7168,8192,False,torch.float16,torch.float16,False,False
607,7168,8192,False,torch.float16,torch.float16,False,False
608,7168,8192,False,torch.float16,torch.float16,False,False
609,7168,8192,False,torch.float16,torch.float16,False,False
610,7168,8192,False,torch.float16,torch.float16,False,False
611,7168,8192,False,torch.float16,torch.float16,False,False
612,7168,8192,False,torch.float16,torch.float16,False,False
613,7168,8192,False,torch.float16,torch.float16,False,False
614,7168,8192,False,torch.float16,torch.float16,False,False
616,7168,8192,False,torch.float16,torch.float16,False,False
617,7168,8192,False,torch.float16,torch.float16,False,False
619,7168,8192,False,torch.float16,torch.float16,False,False
620,7168,8192,False,torch.float16,torch.float16,False,False
622,7168,8192,False,torch.float16,torch.float16,False,False
623,7168,8192,False,torch.float16,torch.float16,False,False
625,7168,8192,False,torch.float16,torch.float16,False,False
627,7168,8192,False,torch.float16,torch.float16,False,False
629,7168,8192,False,torch.float16,torch.float16,False,False
631,7168,8192,False,torch.float16,torch.float16,False,False
632,7168,8192,False,torch.float16,torch.float16,False,False
637,7168,8192,False,torch.float16,torch.float16,False,False
641,7168,8192,False,torch.float16,torch.float16,False,False
642,7168,8192,False,torch.float16,torch.float16,False,False
644,7168,8192,False,torch.float16,torch.float16,False,False
647,7168,8192,False,torch.float16,torch.float16,False,False
653,7168,8192,False,torch.float16,torch.float16,False,False
655,7168,8192,False,torch.float16,torch.float16,False,False
658,7168,8192,False,torch.float16,torch.float16,False,False
662,7168,8192,False,torch.float16,torch.float16,False,False
669,7168,8192,False,torch.float16,torch.float16,False,False
675,7168,8192,False,torch.float16,torch.float16,False,False
683,7168,8192,False,torch.float16,torch.float16,False,False
685,7168,8192,False,torch.float16,torch.float16,False,False
686,7168,8192,False,torch.float16,torch.float16,False,False
688,7168,8192,False,torch.float16,torch.float16,False,False
690,7168,8192,False,torch.float16,torch.float16,False,False
691,7168,8192,False,torch.float16,torch.float16,False,False
699,7168,8192,False,torch.float16,torch.float16,False,False
702,7168,8192,False,torch.float16,torch.float16,False,False
708,7168,8192,False,torch.float16,torch.float16,False,False
716,7168,8192,False,torch.float16,torch.float16,False,False
717,7168,8192,False,torch.float16,torch.float16,False,False
718,7168,8192,False,torch.float16,torch.float16,False,False
727,7168,8192,False,torch.float16,torch.float16,False,False
732,7168,8192,False,torch.float16,torch.float16,False,False
735,7168,8192,False,torch.float16,torch.float16,False,False
741,7168,8192,False,torch.float16,torch.float16,False,False
754,7168,8192,False,torch.float16,torch.float16,False,False
771,7168,8192,False,torch.float16,torch.float16,False,False
786,7168,8192,False,torch.float16,torch.float16,False,False
792,7168,8192,False,torch.float16,torch.float16,False,False
793,7168,8192,False,torch.float16,torch.float16,False,False
820,7168,8192,False,torch.float16,torch.float16,False,False
842,7168,8192,False,torch.float16,torch.float16,False,False
852,7168,8192,False,torch.float16,torch.float16,False,False
877,7168,8192,False,torch.float16,torch.float16,False,False
887,7168,8192,False,torch.float16,torch.float16,False,False
962,7168,8192,False,torch.float16,torch.float16,False,False
1002,7168,8192,False,torch.float16,torch.float16,False,False
1021,7168,8192,False,torch.float16,torch.float16,False,False
1035,7168,8192,False,torch.float16,torch.float16,False,False
1059,7168,8192,False,torch.float16,torch.float16,False,False
1110,7168,8192,False,torch.float16,torch.float16,False,False
513,8192,1024,False,torch.float16,torch.float16,False,False
514,8192,1024,False,torch.float16,torch.float16,False,False
515,8192,1024,False,torch.float16,torch.float16,False,False
516,8192,1024,False,torch.float16,torch.float16,False,False
517,8192,1024,False,torch.float16,torch.float16,False,False
518,8192,1024,False,torch.float16,torch.float16,False,False
519,8192,1024,False,torch.float16,torch.float16,False,False
521,8192,1024,False,torch.float16,torch.float16,False,False
522,8192,1024,False,torch.float16,torch.float16,False,False
523,8192,1024,False,torch.float16,torch.float16,False,False
524,8192,1024,False,torch.float16,torch.float16,False,False
525,8192,1024,False,torch.float16,torch.float16,False,False
526,8192,1024,False,torch.float16,torch.float16,False,False
527,8192,1024,False,torch.float16,torch.float16,False,False
528,8192,1024,False,torch.float16,torch.float16,False,False
529,8192,1024,False,torch.float16,torch.float16,False,False
530,8192,1024,False,torch.float16,torch.float16,False,False
531,8192,1024,False,torch.float16,torch.float16,False,False
532,8192,1024,False,torch.float16,torch.float16,False,False
533,8192,1024,False,torch.float16,torch.float16,False,False
534,8192,1024,False,torch.float16,torch.float16,False,False
535,8192,1024,False,torch.float16,torch.float16,False,False
536,8192,1024,False,torch.float16,torch.float16,False,False
537,8192,1024,False,torch.float16,torch.float16,False,False
538,8192,1024,False,torch.float16,torch.float16,False,False
539,8192,1024,False,torch.float16,torch.float16,False,False
541,8192,1024,False,torch.float16,torch.float16,False,False
542,8192,1024,False,torch.float16,torch.float16,False,False
543,8192,1024,False,torch.float16,torch.float16,False,False
545,8192,1024,False,torch.float16,torch.float16,False,False
546,8192,1024,False,torch.float16,torch.float16,False,False
547,8192,1024,False,torch.float16,torch.float16,False,False
548,8192,1024,False,torch.float16,torch.float16,False,False
549,8192,1024,False,torch.float16,torch.float16,False,False
550,8192,1024,False,torch.float16,torch.float16,False,False
551,8192,1024,False,torch.float16,torch.float16,False,False
552,8192,1024,False,torch.float16,torch.float16,False,False
555,8192,1024,False,torch.float16,torch.float16,False,False
556,8192,1024,False,torch.float16,torch.float16,False,False
557,8192,1024,False,torch.float16,torch.float16,False,False
558,8192,1024,False,torch.float16,torch.float16,False,False
559,8192,1024,False,torch.float16,torch.float16,False,False
560,8192,1024,False,torch.float16,torch.float16,False,False
562,8192,1024,False,torch.float16,torch.float16,False,False
563,8192,1024,False,torch.float16,torch.float16,False,False
565,8192,1024,False,torch.float16,torch.float16,False,False
567,8192,1024,False,torch.float16,torch.float16,False,False
568,8192,1024,False,torch.float16,torch.float16,False,False
569,8192,1024,False,torch.float16,torch.float16,False,False
571,8192,1024,False,torch.float16,torch.float16,False,False
572,8192,1024,False,torch.float16,torch.float16,False,False
573,8192,1024,False,torch.float16,torch.float16,False,False
574,8192,1024,False,torch.float16,torch.float16,False,False
575,8192,1024,False,torch.float16,torch.float16,False,False
577,8192,1024,False,torch.float16,torch.float16,False,False
578,8192,1024,False,torch.float16,torch.float16,False,False
579,8192,1024,False,torch.float16,torch.float16,False,False
580,8192,1024,False,torch.float16,torch.float16,False,False
581,8192,1024,False,torch.float16,torch.float16,False,False
582,8192,1024,False,torch.float16,torch.float16,False,False
583,8192,1024,False,torch.float16,torch.float16,False,False
584,8192,1024,False,torch.float16,torch.float16,False,False
587,8192,1024,False,torch.float16,torch.float16,False,False
588,8192,1024,False,torch.float16,torch.float16,False,False
591,8192,1024,False,torch.float16,torch.float16,False,False
595,8192,1024,False,torch.float16,torch.float16,False,False
597,8192,1024,False,torch.float16,torch.float16,False,False
598,8192,1024,False,torch.float16,torch.float16,False,False
599,8192,1024,False,torch.float16,torch.float16,False,False
600,8192,1024,False,torch.float16,torch.float16,False,False
602,8192,1024,False,torch.float16,torch.float16,False,False
603,8192,1024,False,torch.float16,torch.float16,False,False
604,8192,1024,False,torch.float16,torch.float16,False,False
605,8192,1024,False,torch.float16,torch.float16,False,False
607,8192,1024,False,torch.float16,torch.float16,False,False
608,8192,1024,False,torch.float16,torch.float16,False,False
609,8192,1024,False,torch.float16,torch.float16,False,False
610,8192,1024,False,torch.float16,torch.float16,False,False
611,8192,1024,False,torch.float16,torch.float16,False,False
612,8192,1024,False,torch.float16,torch.float16,False,False
613,8192,1024,False,torch.float16,torch.float16,False,False
614,8192,1024,False,torch.float16,torch.float16,False,False
616,8192,1024,False,torch.float16,torch.float16,False,False
617,8192,1024,False,torch.float16,torch.float16,False,False
619,8192,1024,False,torch.float16,torch.float16,False,False
620,8192,1024,False,torch.float16,torch.float16,False,False
622,8192,1024,False,torch.float16,torch.float16,False,False
623,8192,1024,False,torch.float16,torch.float16,False,False
625,8192,1024,False,torch.float16,torch.float16,False,False
627,8192,1024,False,torch.float16,torch.float16,False,False
629,8192,1024,False,torch.float16,torch.float16,False,False
631,8192,1024,False,torch.float16,torch.float16,False,False
632,8192,1024,False,torch.float16,torch.float16,False,False
637,8192,1024,False,torch.float16,torch.float16,False,False
641,8192,1024,False,torch.float16,torch.float16,False,False
642,8192,1024,False,torch.float16,torch.float16,False,False
644,8192,1024,False,torch.float16,torch.float16,False,False
647,8192,1024,False,torch.float16,torch.float16,False,False
653,8192,1024,False,torch.float16,torch.float16,False,False
655,8192,1024,False,torch.float16,torch.float16,False,False
658,8192,1024,False,torch.float16,torch.float16,False,False
662,8192,1024,False,torch.float16,torch.float16,False,False
669,8192,1024,False,torch.float16,torch.float16,False,False
675,8192,1024,False,torch.float16,torch.float16,False,False
683,8192,1024,False,torch.float16,torch.float16,False,False
685,8192,1024,False,torch.float16,torch.float16,False,False
686,8192,1024,False,torch.float16,torch.float16,False,False
688,8192,1024,False,torch.float16,torch.float16,False,False
690,8192,1024,False,torch.float16,torch.float16,False,False
691,8192,1024,False,torch.float16,torch.float16,False,False
699,8192,1024,False,torch.float16,torch.float16,False,False
702,8192,1024,False,torch.float16,torch.float16,False,False
708,8192,1024,False,torch.float16,torch.float16,False,False
716,8192,1024,False,torch.float16,torch.float16,False,False
717,8192,1024,False,torch.float16,torch.float16,False,False
718,8192,1024,False,torch.float16,torch.float16,False,False
727,8192,1024,False,torch.float16,torch.float16,False,False
732,8192,1024,False,torch.float16,torch.float16,False,False
735,8192,1024,False,torch.float16,torch.float16,False,False
741,8192,1024,False,torch.float16,torch.float16,False,False
754,8192,1024,False,torch.float16,torch.float16,False,False
771,8192,1024,False,torch.float16,torch.float16,False,False
786,8192,1024,False,torch.float16,torch.float16,False,False
792,8192,1024,False,torch.float16,torch.float16,False,False
793,8192,1024,False,torch.float16,torch.float16,False,False
820,8192,1024,False,torch.float16,torch.float16,False,False
842,8192,1024,False,torch.float16,torch.float16,False,False
852,8192,1024,False,torch.float16,torch.float16,False,False
877,8192,1024,False,torch.float16,torch.float16,False,False
887,8192,1024,False,torch.float16,torch.float16,False,False
962,8192,1024,False,torch.float16,torch.float16,False,False
1002,8192,1024,False,torch.float16,torch.float16,False,False
1021,8192,1024,False,torch.float16,torch.float16,False,False
1035,8192,1024,False,torch.float16,torch.float16,False,False
1059,8192,1024,False,torch.float16,torch.float16,False,False
1110,8192,1024,False,torch.float16,torch.float16,False,False
513,8192,3584,False,torch.float16,torch.float16,False,False
514,8192,3584,False,torch.float16,torch.float16,False,False
515,8192,3584,False,torch.float16,torch.float16,False,False
516,8192,3584,False,torch.float16,torch.float16,False,False
517,8192,3584,False,torch.float16,torch.float16,False,False
518,8192,3584,False,torch.float16,torch.float16,False,False
519,8192,3584,False,torch.float16,torch.float16,False,False
521,8192,3584,False,torch.float16,torch.float16,False,False
522,8192,3584,False,torch.float16,torch.float16,False,False
523,8192,3584,False,torch.float16,torch.float16,False,False
524,8192,3584,False,torch.float16,torch.float16,False,False
525,8192,3584,False,torch.float16,torch.float16,False,False
526,8192,3584,False,torch.float16,torch.float16,False,False
527,8192,3584,False,torch.float16,torch.float16,False,False
528,8192,3584,False,torch.float16,torch.float16,False,False
529,8192,3584,False,torch.float16,torch.float16,False,False
530,8192,3584,False,torch.float16,torch.float16,False,False
531,8192,3584,False,torch.float16,torch.float16,False,False
532,8192,3584,False,torch.float16,torch.float16,False,False
533,8192,3584,False,torch.float16,torch.float16,False,False
534,8192,3584,False,torch.float16,torch.float16,False,False
535,8192,3584,False,torch.float16,torch.float16,False,False
536,8192,3584,False,torch.float16,torch.float16,False,False
537,8192,3584,False,torch.float16,torch.float16,False,False
538,8192,3584,False,torch.float16,torch.float16,False,False
539,8192,3584,False,torch.float16,torch.float16,False,False
541,8192,3584,False,torch.float16,torch.float16,False,False
542,8192,3584,False,torch.float16,torch.float16,False,False
543,8192,3584,False,torch.float16,torch.float16,False,False
545,8192,3584,False,torch.float16,torch.float16,False,False
546,8192,3584,False,torch.float16,torch.float16,False,False
547,8192,3584,False,torch.float16,torch.float16,False,False
548,8192,3584,False,torch.float16,torch.float16,False,False
549,8192,3584,False,torch.float16,torch.float16,False,False
550,8192,3584,False,torch.float16,torch.float16,False,False
551,8192,3584,False,torch.float16,torch.float16,False,False
552,8192,3584,False,torch.float16,torch.float16,False,False
555,8192,3584,False,torch.float16,torch.float16,False,False
556,8192,3584,False,torch.float16,torch.float16,False,False
557,8192,3584,False,torch.float16,torch.float16,False,False
558,8192,3584,False,torch.float16,torch.float16,False,False
559,8192,3584,False,torch.float16,torch.float16,False,False
560,8192,3584,False,torch.float16,torch.float16,False,False
562,8192,3584,False,torch.float16,torch.float16,False,False
563,8192,3584,False,torch.float16,torch.float16,False,False
565,8192,3584,False,torch.float16,torch.float16,False,False
567,8192,3584,False,torch.float16,torch.float16,False,False
568,8192,3584,False,torch.float16,torch.float16,False,False
569,8192,3584,False,torch.float16,torch.float16,False,False
571,8192,3584,False,torch.float16,torch.float16,False,False
572,8192,3584,False,torch.float16,torch.float16,False,False
573,8192,3584,False,torch.float16,torch.float16,False,False
574,8192,3584,False,torch.float16,torch.float16,False,False
575,8192,3584,False,torch.float16,torch.float16,False,False
577,8192,3584,False,torch.float16,torch.float16,False,False
578,8192,3584,False,torch.float16,torch.float16,False,False
579,8192,3584,False,torch.float16,torch.float16,False,False
580,8192,3584,False,torch.float16,torch.float16,False,False
581,8192,3584,False,torch.float16,torch.float16,False,False
582,8192,3584,False,torch.float16,torch.float16,False,False
583,8192,3584,False,torch.float16,torch.float16,False,False
584,8192,3584,False,torch.float16,torch.float16,False,False
587,8192,3584,False,torch.float16,torch.float16,False,False
588,8192,3584,False,torch.float16,torch.float16,False,False
591,8192,3584,False,torch.float16,torch.float16,False,False
595,8192,3584,False,torch.float16,torch.float16,False,False
597,8192,3584,False,torch.float16,torch.float16,False,False
598,8192,3584,False,torch.float16,torch.float16,False,False
599,8192,3584,False,torch.float16,torch.float16,False,False
600,8192,3584,False,torch.float16,torch.float16,False,False
602,8192,3584,False,torch.float16,torch.float16,False,False
603,8192,3584,False,torch.float16,torch.float16,False,False
604,8192,3584,False,torch.float16,torch.float16,False,False
605,8192,3584,False,torch.float16,torch.float16,False,False
607,8192,3584,False,torch.float16,torch.float16,False,False
608,8192,3584,False,torch.float16,torch.float16,False,False
609,8192,3584,False,torch.float16,torch.float16,False,False
610,8192,3584,False,torch.float16,torch.float16,False,False
611,8192,3584,False,torch.float16,torch.float16,False,False
612,8192,3584,False,torch.float16,torch.float16,False,False
613,8192,3584,False,torch.float16,torch.float16,False,False
614,8192,3584,False,torch.float16,torch.float16,False,False
616,8192,3584,False,torch.float16,torch.float16,False,False
617,8192,3584,False,torch.float16,torch.float16,False,False
619,8192,3584,False,torch.float16,torch.float16,False,False
620,8192,3584,False,torch.float16,torch.float16,False,False
622,8192,3584,False,torch.float16,torch.float16,False,False
623,8192,3584,False,torch.float16,torch.float16,False,False
625,8192,3584,False,torch.float16,torch.float16,False,False
627,8192,3584,False,torch.float16,torch.float16,False,False
629,8192,3584,False,torch.float16,torch.float16,False,False
631,8192,3584,False,torch.float16,torch.float16,False,False
632,8192,3584,False,torch.float16,torch.float16,False,False
637,8192,3584,False,torch.float16,torch.float16,False,False
641,8192,3584,False,torch.float16,torch.float16,False,False
642,8192,3584,False,torch.float16,torch.float16,False,False
644,8192,3584,False,torch.float16,torch.float16,False,False
647,8192,3584,False,torch.float16,torch.float16,False,False
653,8192,3584,False,torch.float16,torch.float16,False,False
655,8192,3584,False,torch.float16,torch.float16,False,False
658,8192,3584,False,torch.float16,torch.float16,False,False
662,8192,3584,False,torch.float16,torch.float16,False,False
669,8192,3584,False,torch.float16,torch.float16,False,False
675,8192,3584,False,torch.float16,torch.float16,False,False
683,8192,3584,False,torch.float16,torch.float16,False,False
685,8192,3584,False,torch.float16,torch.float16,False,False
686,8192,3584,False,torch.float16,torch.float16,False,False
688,8192,3584,False,torch.float16,torch.float16,False,False
690,8192,3584,False,torch.float16,torch.float16,False,False
691,8192,3584,False,torch.float16,torch.float16,False,False
699,8192,3584,False,torch.float16,torch.float16,False,False
702,8192,3584,False,torch.float16,torch.float16,False,False
708,8192,3584,False,torch.float16,torch.float16,False,False
716,8192,3584,False,torch.float16,torch.float16,False,False
717,8192,3584,False,torch.float16,torch.float16,False,False
718,8192,3584,False,torch.float16,torch.float16,False,False
727,8192,3584,False,torch.float16,torch.float16,False,False
732,8192,3584,False,torch.float16,torch.float16,False,False
735,8192,3584,False,torch.float16,torch.float16,False,False
741,8192,3584,False,torch.float16,torch.float16,False,False
754,8192,3584,False,torch.float16,torch.float16,False,False
771,8192,3584,False,torch.float16,torch.float16,False,False
786,8192,3584,False,torch.float16,torch.float16,False,False
792,8192,3584,False,torch.float16,torch.float16,False,False
793,8192,3584,False,torch.float16,torch.float16,False,False
820,8192,3584,False,torch.float16,torch.float16,False,False
842,8192,3584,False,torch.float16,torch.float16,False,False
852,8192,3584,False,torch.float16,torch.float16,False,False
877,8192,3584,False,torch.float16,torch.float16,False,False
887,8192,3584,False,torch.float16,torch.float16,False,False
962,8192,3584,False,torch.float16,torch.float16,False,False
1002,8192,3584,False,torch.float16,torch.float16,False,False
1021,8192,3584,False,torch.float16,torch.float16,False,False
1035,8192,3584,False,torch.float16,torch.float16,False,False
1059,8192,3584,False,torch.float16,torch.float16,False,False
1110,8192,3584,False,torch.float16,torch.float16,False,False
